{
  "mean": 0.256756805836391,
  "std": 0.25462973503992065,
  "pct_low": 62.91202276499881,
  "pct_high": 5.9758121887597815,
  "pct_uncertain": 29.025373488261796,
  "shape": "SKEWED",
  "verdict": "MODERATE"
}