{
  "model": {
    "f1": 0.1953125,
    "precision": 0.1123956326268465,
    "recall": 0.7446808510638298
  },
  "dummy": {
    "f1": 0.10557053009883198,
    "precision": 0.05572682001422812,
    "recall": 1.0
  },
  "improvement": 0.08974196990116802,
  "verdict": "MARGINAL"
}